{"cameraMode":{"drawMode":0,"name":"Shaded","section":"Shading Mode"},"sceneLighting":true,"audioPlay":false,"sceneViewState":{"m_AlwaysRefresh":false,"showFog":true,"showSkybox":true,"showFlares":true,"showImageEffects":true,"showParticleSystems":true,"showVisualEffectGraphs":true,"m_FxEnabled":true},"in2DMode":false,"pivot":{"x":-3.705327033996582,"y":3.7655255794525148,"z":0.29620885848999026},"rotation":{"x":0.07937632501125336,"y":0.030797531828284265,"z":-0.002453491324558854,"w":0.996366560459137},"size":14.772303581237793,"orthographic":true}